{"RMSE": 90.64203238513295, "R-Squared": 0.22871792852954775}