{"RMSE": 76.53749595060918, "R-Squared": 0.45007626347347895}