{"RMSE": 76.58313480603093, "R-Squared": 0.44942023540634546}