{"RMSE": 70.95147708103806, "R-Squared": 0.5274183557951069}