{"RMSE": 93.56135333715218, "R-Squared": 0.17823629271780583}