{"RMSE": 74.57026005191699, "R-Squared": 0.4779822361001491}